analytic,cloth_n,sphere_n,frame_index,broad_detect_ms,narrow_phase_ms,physics_total_ms,broad_collisions,narrow_collisions
Off,20,20,0,0.005083,0.003165,72.8922,0,0
Off,20,20,1,0.003869,0.002421,70.3739,0,0
Off,20,20,2,0.003044,0.001455,70.1475,0,0
Off,20,20,3,0.00329,0.001746,71.4711,0,0
Off,20,20,4,0.005418,0.004453,75.6792,0,0
Off,20,20,5,0.004579,0.003203,72.7385,0,0
Off,20,20,6,0.004537,0.003126,75.4769,0,0
Off,20,20,7,0.00263,0.001747,68.568,0,0
Off,20,20,8,0.003583,0.003498,72.782,0,0
Off,20,20,9,0.004703,0.003957,78.696,0,0
Off,20,20,10,0.004543,0.003204,74.769,0,0
Off,20,20,11,27.8635,17.2899,120.239,21286,4312
Off,20,20,12,34.9111,14.3393,125.587,41600,7865
Off,20,20,13,32.5366,17.2753,125.131,47203,8569
Off,20,20,14,32.8618,14.6984,124.152,47018,8554
Off,20,20,15,33.8075,14.8454,122.726,43034,7052
Off,20,20,16,31.7223,14.5726,118.346,43881,6700
Off,20,20,17,31.2985,14.528,122.416,51905,8756
Off,20,20,18,31.441,14.5923,119.269,62416,11121
Off,20,20,19,28.3925,14.8051,123.022,66247,12428
Off,20,20,20,31.0552,15.1476,117.595,65939,12063
Off,20,20,21,27.563,13.3415,114.071,65815,12241
Off,20,20,22,28.7199,13.6201,113.596,66944,12165
Off,20,20,23,27.9883,13.7586,118.931,67894,12240
Off,20,20,24,28.32,14.122,120.616,65965,11331
Off,20,20,25,29.7279,13.9458,117.882,63513,10713
Off,20,20,26,28.6291,17.0218,120.674,60928,10593
Off,20,20,27,27.6935,14.3578,122.031,58620,10221
Off,20,20,28,29.5454,14.5683,122.114,58728,10558
Off,20,20,29,28.5687,15.7579,123.625,59191,10464
Off,20,50,0,0.004336,0.002709,78.0852,0,0
Off,20,50,1,0.0035,0.002544,75.7269,0,0
Off,20,50,2,0.002787,0.002295,74.398,0,0
Off,20,50,3,0.003207,0.002089,78.9751,0,0
Off,20,50,4,0.005542,0.003122,81.5699,0,0
Off,20,50,5,0.004123,0.002623,81.3925,0,0
Off,20,50,6,0.004661,0.002997,84.1338,0,0
Off,20,50,7,0.004201,0.001877,81.8748,0,0
Off,20,50,8,0.004004,0.003748,87.7183,0,0
Off,20,50,9,0.004583,0.003084,87.1591,0,0
Off,20,50,10,0.004375,0.003129,78.6148,0,0
Off,20,50,11,39.3365,16.5417,132.462,101829,15665
Off,20,50,12,44.0217,16.995,140.6,162607,27265
Off,20,50,13,42.2585,21.4043,145.195,174589,29830
Off,20,50,14,43.634,19.0125,153.569,171744,28826
Off,20,50,15,48.3672,21.2743,162.124,160103,26488
Off,20,50,16,44.5071,24.5648,159.53,156669,24867
Off,20,50,17,41.8419,19.1159,141.161,174904,28914
Off,20,50,18,42.2954,16.7589,141.072,211946,35095
Off,20,50,19,40.2578,16.6526,142.986,229395,38860
Off,20,50,20,40.5048,16.9016,141.32,226343,37781
Off,20,50,21,39.9516,18.8363,147.172,219794,36282
Off,20,50,22,41.3914,20.4872,140.634,215306,36208
Off,20,50,23,38.7404,19.0769,137.202,211706,35144
Off,20,50,24,40.3941,17.0855,138.174,210692,35014
Off,20,50,25,37.916,17.1537,135.534,205862,34077
Off,20,50,26,38.296,21.3072,141.935,201956,34314
Off,20,50,27,39.0055,19.0683,141.024,205424,34568
Off,20,50,28,38.5106,18.8965,140.157,203460,35368
Off,20,50,29,37.1956,20.7611,138.506,199820,34806
Off,20,100,0,0.003207,0.002873,99.7006,0,0
Off,20,100,1,0.007209,0.006287,100.547,0,0
Off,20,100,2,0.004374,0.003795,100.179,0,0
Off,20,100,3,0.007461,0.007542,103.704,0,0
Off,20,100,4,0.004329,0.004626,105.614,0,0
Off,20,100,5,0.003874,0.003086,104.361,0,0
Off,20,100,6,0.005165,0.003333,107.284,0,0
Off,20,100,7,0.004005,0.004084,110.41,0,0
Off,20,100,8,0.005205,0.004123,104.624,0,0
Off,20,100,9,0.005624,0.005002,107.91,0,0
Off,20,100,10,0.005416,0.004419,101.082,0,0
Off,20,100,11,58.3643,29.4748,185.952,355578,58586
Off,20,100,12,65.5149,31.9533,203.466,569547,96572
Off,20,100,13,67.5186,30.5431,199.205,606215,104358
Off,20,100,14,65.4773,27.6266,193.022,602706,104017
Off,20,100,15,65.1597,31.3821,203.178,553992,94913
Off,20,100,16,66.4062,32.785,205.045,546268,90284
Off,20,100,17,65.8652,34.1635,214.132,600030,103421
Off,20,100,18,68.0445,31.2937,213.001,728529,124250
Off,20,100,19,65.279,28.8706,208.132,781349,132878
Off,20,100,20,67.5176,35.5929,218.254,768645,132357
Off,20,100,21,52.767,50.0134,247.993,727431,123256
Off,20,100,22,67.4654,70.8801,376.288,719684,119872
Off,20,100,23,33.6895,21.2554,136.337,736185,120458
Off,20,100,24,46.5442,21.5903,151.728,695008,113437
Off,20,100,25,63.0431,29.2073,194.437,670013,109958
Off,20,100,26,65.5494,32.2677,271.338,643194,106664
Off,20,100,27,65.0811,35.3019,204.938,654086,109860
Off,20,100,28,63.4732,31.1957,208.547,642840,109084
Off,20,100,29,62.261,32.9672,205.278,625025,106883
Off,50,20,0,0.003746,0.001707,80.6003,0,0
Off,50,20,1,0.002629,0.001456,80.3123,0,0
Off,50,20,2,0.003211,0.002627,84.1685,0,0
Off,50,20,3,0.00312,0.001877,81.3629,0,0
Off,50,20,4,0.011085,0.009372,157.801,0,0
Off,50,20,5,0.01225,0.008707,92.7144,0,0
Off,50,20,6,0.015708,0.008083,83.8507,0,0
Off,50,20,7,0.00442,0.003626,70.0692,0,0
Off,50,20,8,0.004838,0.003117,77.3528,0,0
Off,50,20,9,0.002709,0.001501,83.4672,0,0
Off,50,20,10,0.006045,0.004244,92.3282,0,0
Off,50,20,11,47.1238,17.0604,150.675,122776,17198
Off,50,20,12,52.2412,21.3681,159.336,223298,35391
Off,50,20,13,57.9954,22.7525,168.012,307859,52936
Off,50,20,14,59.808,30.6627,205.43,363125,66967
Off,50,20,15,65.6762,25.5107,189.167,444649,83953
Off,50,20,16,67.795,30.0632,204.09,527484,103744
Off,50,20,17,65.1004,38.2658,234.921,557954,111453
Off,50,20,18,65.5415,34.8102,231.724,576057,114481
Off,50,20,19,51.6658,21.1762,161.839,563960,115324
Off,50,20,20,46.2666,21.9503,159.683,539911,109919
Off,50,20,21,48.3616,26.3958,170.931,533491,105367
Off,50,20,22,54.0515,30.252,197.799,536750,103153
Off,50,20,23,52.8689,37.3469,226.974,537141,102767
Off,50,20,24,54.1413,33.268,209.653,539926,105026
Off,50,20,25,49.0984,22.9789,174.991,543970,108696
Off,50,20,26,43.8623,21.338,156.899,545603,110570
Off,50,20,27,42.944,21.0054,154.398,553995,112856
Off,50,20,28,45.0605,28.8991,174.846,564865,115048
Off,50,20,29,54.5327,49.9452,197.283,566120,115998
Off,50,50,0,0.018538,0.01671,93.5976,0,0
Off,50,50,1,0.008881,0.00683,103.582,0,0
Off,50,50,2,0.006747,0.004043,97.8961,0,0
Off,50,50,3,0.009661,0.006791,102.956,0,0
Off,50,50,4,0.010288,0.00729,112.403,0,0
Off,50,50,5,0.011124,0.008374,99.3732,0,0
Off,50,50,6,0.016461,0.011087,94.7654,0,0
Off,50,50,7,0.019957,0.009288,103.248,0,0
Off,50,50,8,0.013373,0.01046,132.699,0,0
Off,50,50,9,0.017125,0.012125,104.683,0,0
Off,50,50,10,0.010044,0.007839,95.035,0,0
Off,50,50,11,64.7609,24.3719,182.377,375099,28185
Off,50,50,12,79.4479,34.3156,238.171,656018,55280
Off,50,50,13,86.6395,45.4112,271.241,863714,78057
Off,50,50,14,82.7133,28.8454,229.805,1005024,96784
Off,50,50,15,81.8156,26.8357,212.038,1197027,119077
Off,50,50,16,88.359,36.822,254.336,1373906,142548
Off,50,50,17,94.5471,40.1882,252.984,1429500,149398
Off,50,50,18,84.8526,29.9482,221.904,1409566,154824
Off,50,50,19,71.3873,36.0137,220.367,1363596,155108
Off,50,50,20,81.9827,41.7417,250.317,1293080,145612
Off,50,50,21,71.7148,34.3494,221.111,1243703,137430
Off,50,50,22,76.3318,39.4958,233.218,1238241,135635
Off,50,50,23,74.3754,31.5799,219.702,1267645,139025
Off,50,50,24,76.3147,26.7022,206.941,1311016,141148
Off,50,50,25,80.2515,42.7772,270.767,1338429,142678
Off,50,50,26,83.8068,42.5056,278.255,1363080,144597
Off,50,50,27,77.712,36.7483,247.851,1392850,147230
Off,50,50,28,72.173,28.9638,196.019,1418854,149249
Off,50,50,29,79.2755,37.0372,248.301,1428729,150324
Off,50,100,0,0.010411,0.008208,177.279,0,0
Off,50,100,1,0.008707,0.006831,159.792,0,0
Off,50,100,2,0.007373,0.004959,126.38,0,0
Off,50,100,3,0.003918,0.002581,118.346,0,0
Off,50,100,4,0.004745,0.003333,120.703,0,0
Off,50,100,5,0.003874,0.002505,116.22,0,0
Off,50,100,6,0.00542,0.002165,112.791,0,0
Off,50,100,7,0.008627,0.00554,131.375,0,0
Off,50,100,8,0.003797,0.002332,115.388,0,0
Off,50,100,9,0.006457,0.005831,117.462,0,0
Off,50,100,10,0.004375,0.003924,106.388,0,0
Off,50,100,11,109.601,25.5194,248.156,1165905,70251
Off,50,100,12,135.793,54.3399,373.254,2013953,125277
Off,50,100,13,136.928,55.2239,366.081,2597413,169244
Off,50,100,14,136.071,51.4181,333.255,2983633,202120
Off,50,100,15,139.057,61.1155,361.994,3513901,240442
Off,50,100,16,136.658,52.4197,358.861,3979147,278572
Off,50,100,17,139.72,45.3628,321.696,4094150,289056
Off,50,100,18,139.65,53.4445,365.196,3932150,290224
Off,50,100,19,118.043,48.4096,308.265,3703142,285663
Off,50,100,20,115.588,40.5165,283.772,3501984,269233
Off,50,100,21,121.799,64.0173,351.491,3392544,260814
Off,50,100,22,119.413,63.8525,338.419,3432560,260158
Off,50,100,23,124.106,56.1019,309.615,3532211,260010
Off,50,100,24,117.657,50.9337,299.403,3630340,268468
Off,50,100,25,114.838,43.7817,283.539,3802070,282458
Off,50,100,26,117.211,36.6926,270.353,4005598,288695
Off,50,100,27,130.856,57.077,360.161,4173646,293362
Off,50,100,28,121.001,45.4918,301.134,4254483,295168
Off,50,100,29,121.653,44.5076,308.981,4274225,297789
Off,100,20,0,0.004133,0.002457,111.086,0,0
Off,100,20,1,0.00417,0.001912,112.72,0,0
Off,100,20,2,0.004994,0.002503,116.166,0,0
Off,100,20,3,0.00659,0.003458,113.299,0,0
Off,100,20,4,0.004042,0.001873,113.946,0,0
Off,100,20,5,0.005421,0.003667,109.761,0,0
Off,100,20,6,0.003789,0.001752,104.444,0,0
Off,100,20,7,0.003872,0.001956,102.639,0,0
Off,100,20,8,0.003411,0.001417,106.158,0,0
Off,100,20,9,0.003627,0.001916,105.297,0,0
Off,100,20,10,0.00375,0.001877,93.3067,0,0
Off,100,20,11,60.9148,23.9595,195.041,430418,64785
Off,100,20,12,76.1633,33.0317,244.372,808622,132918
Off,100,20,13,84.2676,33.467,237.054,1148891,203393
Off,100,20,14,90.979,53.479,296.103,1463223,279508
Off,100,20,15,100.528,53.3872,310.441,1793500,367650
Off,100,20,16,95.0716,55.2725,293.641,2206890,464642
Off,100,20,17,90.1575,43.716,249.615,2378494,528423
Off,100,20,18,95.823,58.598,326.124,2491883,559314
Off,100,20,19,71.6397,49.1665,283.99,2504360,568047
Off,100,20,20,65.0131,40.7414,222.446,2480202,563942
Off,100,20,21,60.7697,34.2669,205.661,2449973,555438
Off,100,20,22,58.8078,32.6769,192.516,2419288,545641
Off,100,20,23,63.3939,42.2378,240.796,2383205,538731
Off,100,20,24,66.2228,40.6538,236.228,2363614,533351
Off,100,20,25,62.101,36.9426,218.414,2370329,535106
Off,100,20,26,62.6057,38.7663,226.944,2410167,543118
Off,100,20,27,63.0152,50.6904,286.733,2451511,552091
Off,100,20,28,45.3382,40.7671,212.772,2488938,559863
Off,100,20,29,56.4574,65.4719,289.767,2516374,565863
Off,100,50,0,0.056297,0.038543,149.543,0,0
Off,100,50,1,0.005296,0.003249,94.1172,0,0
Off,100,50,2,0.003622,0.001754,101.137,0,0
Off,100,50,3,0.005,0.004495,113.297,0,0
Off,100,50,4,0.006916,0.004373,114.122,0,0
Off,100,50,5,0.004499,0.003037,112.601,0,0
Off,100,50,6,0.006501,0.004707,118.041,0,0
Off,100,50,7,0.003749,0.002411,110.139,0,0
Off,100,50,8,0.004626,0.004547,118.615,0,0
Off,100,50,9,0.004703,0.003625,126.413,0,0
Off,100,50,10,0.007628,0.007414,118.264,0,0
Off,100,50,11,83.2503,35.641,250.089,1247762,72690
Off,100,50,12,100.146,39.4537,271.056,2220352,152848
Off,100,50,13,108.675,49.8278,307.755,3033219,231988
Off,100,50,14,119.481,53.4688,320.901,3827344,315076
Off,100,50,15,118.473,45.8915,292.511,4662297,408692
Off,100,50,16,130.176,72.8421,393.719,5451731,512180
Off,100,50,17,137.108,61.2501,395.814,5871485,575731
Off,100,50,18,125.851,51.7405,309.62,6079521,608033
Off,100,50,19,66.0445,51.7839,280.575,6114952,616915
Off,100,50,20,90.5801,74.2824,371.789,6026957,608576
Off,100,50,21,76.0882,42.7942,235.382,5894981,594727
Off,100,50,22,101.732,45.5819,272.183,5759680,582565
Off,100,50,23,101.444,51.9606,299.073,5623347,571522
Off,100,50,24,103.663,54.0658,288.705,5601019,564142
Off,100,50,25,96.8489,42.8152,267.13,5726173,570996
Off,100,50,26,105.119,69.1155,341.631,5889426,581640
Off,100,50,27,106.015,60.4314,322.767,6066018,594858
Off,100,50,28,101.716,46.9608,274.462,6226481,606497
Off,100,50,29,105.116,62.0767,327.193,6346681,615393
Off,100,100,0,0.009711,0.008627,127.686,0,0
Off,100,100,1,0.006753,0.005908,103.702,0,0
Off,100,100,2,0.004874,0.003835,107.165,0,0
Off,100,100,3,0.004921,0.003207,114.532,0,0
Off,100,100,4,0.004997,0.005546,127.556,0,0
Off,100,100,5,0.007332,0.006579,132.055,0,0
Off,100,100,6,0.004878,0.004166,122.678,0,0
Off,100,100,7,0.005377,0.005126,125.43,0,0
Off,100,100,8,0.0183,0.00846,140.194,0,0
Off,100,100,9,0.009002,0.00784,148.651,0,0
Off,100,100,10,0.003339,0.002665,135.114,0,0
Off,100,100,11,138.495,44.4251,353.207,3766095,111480
Off,100,100,12,154.495,54.9274,383.083,6484229,220246
Off,100,100,13,171.538,56.492,388.265,8704244,321091
Off,100,100,14,185.354,84.8152,479.057,10801158,425578
Off,100,100,15,140.102,68.4043,343.537,12952237,540568
Off,100,100,16,126.329,62.7895,321.425,14964885,666265
Off,100,100,17,195.233,81.5799,445.595,15894561,738260
Off,100,100,18,191.691,80.3459,449.873,16317453,768245
Off,100,100,19,159.074,72.7591,394.053,16261447,774314
Off,100,100,20,153.929,69.1623,381.111,16019723,757203
Off,100,100,21,158.74,68.2704,403.312,15690189,735619
Off,100,100,22,156.854,67.3881,362.744,15269351,717205
Off,100,100,23,153.35,66.0416,366.68,14879654,698924
Off,100,100,24,151.72,63.119,360.327,14659542,688176
Off,100,100,25,151.873,65.877,349.38,14868925,696173
Off,100,100,26,86.2847,51.238,258.336,15379292,715539
Off,100,100,27,121.375,55.0402,293.621,16039435,735193
Off,100,100,28,161.513,73.9632,395.19,16670118,752118
Off,100,100,29,96.0665,62.4548,299.033,17111247,765136
On,20,20,0,0.004247,11.2611,76.9007,0,0
On,20,20,1,0.002627,11.9637,85.8757,0,0
On,20,20,2,0.007586,16.0645,92.5993,0,0
On,20,20,3,0.005124,19.4344,93.385,0,0
On,20,20,4,0.002961,12.5732,83.9274,0,0
On,20,20,5,0.004212,18.2495,90.9091,0,0
On,20,20,6,0.015254,15.6398,88.7113,0,0
On,20,20,7,0.017878,15.1936,103.131,0,0
On,20,20,8,0.017044,13.228,93.2295,0,0
On,20,20,9,0.003836,14.8061,88.2052,0,0
On,20,20,10,0.003256,12.842,84.121,0,574
On,20,20,11,29.9459,23.6306,127.004,21285,5167
On,20,20,12,38.4013,25.6407,137.046,41255,9367
On,20,20,13,32.1476,29.03,134.953,46165,10161
On,20,20,14,31.3325,29.2349,138.281,46021,9688
On,20,20,15,32.0327,30.7135,138.512,41618,8310
On,20,20,16,35.9342,31.0876,145.357,42373,7976
On,20,20,17,32.2476,27.7591,140.949,49086,10408
On,20,20,18,32.1678,27.9882,141.127,59826,13578
On,20,20,19,32.0938,36.1309,161.554,63328,15356
On,20,20,20,32.7682,36.5896,166.217,63810,16236
On,20,20,21,28.8017,29.1771,135.536,63288,15775
On,20,20,22,31.2704,29.5826,133.912,63924,15127
On,20,20,23,28.9445,28.0426,134.629,65472,14653
On,20,20,24,31.4586,28.8703,142.998,63434,14235
On,20,20,25,30.9308,27.8493,138.83,59997,13283
On,20,20,26,32.6487,32.5731,144.762,54453,11549
On,20,20,27,28.5852,30.2932,131.634,49420,10667
On,20,20,28,29.8358,31.5991,137.522,50534,11177
On,20,20,29,30.8203,26.2647,136.245,51165,10946
On,20,50,0,0.00483,15.2915,98.424,0,0
On,20,50,1,0.004536,16.0915,95.8828,0,0
On,20,50,2,0.003713,15.5441,99.3752,0,0
On,20,50,3,0.004294,17.9463,98.3396,0,0
On,20,50,4,0.003543,15.0644,96.418,0,0
On,20,50,5,0.010288,19.9519,105.78,0,0
On,20,50,6,0.008622,20.2602,110.08,0,0
On,20,50,7,0.008177,18.9522,103.709,0,0
On,20,50,8,0.003626,17.7135,101.543,0,0
On,20,50,9,0.011464,19.5465,109.717,0,0
On,20,50,10,0.013754,17.6788,105.211,0,574
On,20,50,11,40.9351,30.2805,157.125,101817,4975
On,20,50,12,42.4011,30.7615,170.466,162457,9652
On,20,50,13,52.2882,36.9854,181.974,174115,10408
On,20,50,14,44.1559,36.2022,170.496,170995,10014
On,20,50,15,47.021,32.3167,166.004,159101,8714
On,20,50,16,49.8453,37.2605,174.098,155570,8093
On,20,50,17,47.2776,47.479,191.137,174188,10437
On,20,50,18,49.7299,46.3808,212.658,211466,13758
On,20,50,19,48.3189,51.2901,234.171,226920,15753
On,20,50,20,55.19,53.056,234.867,225540,16215
On,20,50,21,41.2992,38.3507,167.849,214784,15286
On,20,50,22,40.6097,37.3949,163.648,208291,14365
On,20,50,23,42.7329,34.7292,155.265,208956,14120
On,20,50,24,44.0145,31.6947,161.439,207308,14018
On,20,50,25,42.9293,32.352,170.004,198120,12885
On,20,50,26,43.8048,37.6128,172.206,192369,12761
On,20,50,27,39.9525,37.7747,171.089,192473,12416
On,20,50,28,43.4179,40.1945,178.332,196273,12447
On,20,50,29,55.3523,53.0695,241.415,188114,11681
On,20,100,0,0.011003,31.383,146.613,0,0
On,20,100,1,0.011287,26.8285,145.688,0,0
On,20,100,2,0.006707,30.5863,140.207,0,0
On,20,100,3,0.005963,26.4593,141.479,0,0
On,20,100,4,0.007331,27.2216,139.784,0,0
On,20,100,5,0.00775,27.0432,144.408,0,0
On,20,100,6,0.008836,28.4598,138.725,0,0
On,20,100,7,0.010046,29.9466,142.434,0,0
On,20,100,8,0.014795,30.0948,142.55,0,0
On,20,100,9,0.018539,24.9766,142.81,0,0
On,20,100,10,0.011831,20.2287,132.532,0,574
On,20,100,11,59.675,36.1665,207.983,355531,4797
On,20,100,12,70.8238,40.7959,225.883,569344,9176
On,20,100,13,69.2005,58.2669,246.787,605916,9777
On,20,100,14,75.5416,47.4579,237.865,601994,9695
On,20,100,15,72.4895,71.9058,307.264,553417,8420
On,20,100,16,74.0346,62.0448,254.523,546214,7885
On,20,100,17,75.7215,70.2883,293.184,600225,10079
On,20,100,18,72.5278,49.8746,244.11,724694,13441
On,20,100,19,62.7208,45.8983,219.764,766564,15405
On,20,100,20,63.0646,39.0111,208.659,759210,15508
On,20,100,21,61.8605,47.4244,217.576,716335,14522
On,20,100,22,66.423,46.6458,226.743,706074,14472
On,20,100,23,65.1551,38.632,207.074,734242,14968
On,20,100,24,63.2118,51.0049,221.008,736482,14891
On,20,100,25,64.3813,53.663,223.465,722680,14289
On,20,100,26,72.8355,55.2716,279.319,703674,13059
On,20,100,27,69.6632,77.176,275.183,682738,12285
On,20,100,28,71.4619,55.3061,259.32,684154,12560
On,20,100,29,71.941,51.6996,247.574,680804,12336
On,50,20,0,0.005457,15.8594,100.575,0,0
On,50,20,1,0.00346,15.9009,99.215,0,0
On,50,20,2,0.006871,15.7303,106.225,0,0
On,50,20,3,0.003291,16.595,100.231,0,0
On,50,20,4,0.004961,15.3306,103.689,0,0
On,50,20,5,0.002797,15.7546,104.838,0,0
On,50,20,6,0.005745,18.8707,110.962,0,0
On,50,20,7,0.009542,17.5296,110.954,0,0
On,50,20,8,0.003631,19.1413,100.269,0,0
On,50,20,9,0.005335,17.6806,107.906,0,0
On,50,20,10,0.004833,14.6108,97.8869,0,3870
On,50,20,11,51.499,29.0627,161.022,123069,33570
On,50,20,12,54.2403,33.611,176.221,222963,66166
On,50,20,13,55.0178,38.0677,194.556,305264,99115
On,50,20,14,67.291,50.7702,239.497,358915,126387
On,50,20,15,64.3429,41.685,198.478,438830,158504
On,50,20,16,55.2276,37.2514,183.506,518766,196303
On,50,20,17,56.5793,32.7875,182.492,541086,207991
On,50,20,18,64.157,42.2888,213.276,546800,208560
On,50,20,19,49.4402,40.5879,185.349,528796,200526
On,50,20,20,42.8106,39.5225,166.3,495512,182139
On,50,20,21,41.6624,33.896,166.194,474303,165216
On,50,20,22,43.8862,32.1864,169.722,454555,158624
On,50,20,23,48.743,44.6747,191.955,443232,158574
On,50,20,24,42.102,34.2617,159.912,443493,156568
On,50,20,25,43.7215,37.3005,166.373,441729,155532
On,50,20,26,48.346,35.8448,167.536,447205,156655
On,50,20,27,44.863,39.4354,169.737,444388,154625
On,50,20,28,43.95,35.7886,180.007,445131,154949
On,50,20,29,41.9909,36.4382,170.813,451465,156563
On,50,50,0,0.004789,17.4603,105.539,0,0
On,50,50,1,0.009747,19.8636,115.81,0,0
On,50,50,2,0.011748,23.5522,112.743,0,0
On,50,50,3,0.004456,22.6582,111.439,0,0
On,50,50,4,0.003919,16.6175,107.18,0,0
On,50,50,5,0.004378,19.2302,112.782,0,0
On,50,50,6,0.003088,17.7753,108.987,0,0
On,50,50,7,0.004797,17.2622,116.37,0,0
On,50,50,8,0.007665,19.3827,114.7,0,0
On,50,50,9,0.002628,21.4442,118.874,0,0
On,50,50,10,0.004456,23.9674,115.974,0,3870
On,50,50,11,66.292,34.7688,187.514,375148,32958
On,50,50,12,72.157,41.6978,203.23,656157,66366
On,50,50,13,79.0105,37.1586,214.896,862660,99384
On,50,50,14,79.7504,41.6869,214.831,1002753,127720
On,50,50,15,79.0507,39.9591,217.324,1190919,160818
On,50,50,16,83.6517,46.2676,231.236,1364506,198568
On,50,50,17,85.7315,48.3632,248.655,1419061,210630
On,50,50,18,88.7662,38.1149,221.905,1377824,214197
On,50,50,19,69.0426,45.7502,213.459,1305186,211005
On,50,50,20,72.8318,40.699,207.743,1235274,199680
On,50,50,21,72.9965,40.0229,209.58,1179760,182773
On,50,50,22,68.8357,54.0633,235.393,1148338,174401
On,50,50,23,64.287,34.3777,185.814,1155642,174355
On,50,50,24,64.7969,35.0819,185.328,1179232,176046
On,50,50,25,76.0387,40.3244,218.01,1219864,183183
On,50,50,26,75.9668,65.5811,272.055,1260298,186174
On,50,50,27,70.0078,48.0827,215.623,1288363,189546
On,50,50,28,69.6842,42.8108,199.148,1308168,190773
On,50,50,29,69.6174,46.8917,224.154,1322664,192810
On,50,100,0,0.006496,25.3514,136.64,0,0
On,50,100,1,0.006083,24.9992,134.007,0,0
On,50,100,2,0.003288,26.7987,132.822,0,0
On,50,100,3,0.005079,27.1895,131.731,0,0
On,50,100,4,0.003161,25.1862,130.222,0,0
On,50,100,5,0.00338,26.9302,135.595,0,0
On,50,100,6,0.005709,25.1026,131.022,0,0
On,50,100,7,0.005411,24.461,133.396,0,0
On,50,100,8,0.003378,24.6785,130.255,0,0
On,50,100,9,0.003501,27.11,131.841,0,0
On,50,100,10,0.004628,25.772,133.488,0,3870
On,50,100,11,75.7102,39.0735,221.296,1166590,31907
On,50,100,12,63.1427,34.7586,189.938,2013995,65325
On,50,100,13,127.011,54.9854,290.814,2597332,98883
On,50,100,14,135.263,49.254,299.531,2982541,126863
On,50,100,15,135.266,48.7498,300.154,3508877,160022
On,50,100,16,135.619,54.5547,306.139,3971831,198349
On,50,100,17,132.334,48.43,297.447,4095896,210472
On,50,100,18,130.807,47.4667,295.097,3938935,214780
On,50,100,19,114.786,48.199,274.905,3721365,215067
On,50,100,20,115.808,51.563,279.812,3476816,201932
On,50,100,21,112.723,51.2007,275.636,3344828,190228
On,50,100,22,115.551,51.5363,294.243,3348831,188499
On,50,100,23,114.305,51.1958,286.567,3470833,191475
On,50,100,24,115.69,54.7507,279.676,3558640,193876
On,50,100,25,116.313,51.263,274.91,3643561,196343
On,50,100,26,119.22,54.7615,285.43,3827203,205386
On,50,100,27,117.234,59.6839,300.766,4017074,211772
On,50,100,28,116.72,57.9097,294.854,4095872,216083
On,50,100,29,116.83,51.1922,289.111,4187735,220678
On,100,20,0,0.004379,18.0986,113.547,0,0
On,100,20,1,0.003286,19.1514,113.328,0,0
On,100,20,2,0.005286,24.4495,124.931,0,0
On,100,20,3,0.014753,47.0165,207.079,0,0
On,100,20,4,0.031123,89.7733,319.413,0,0
On,100,20,5,0.01204,27.9205,153.859,0,0
On,100,20,6,0.004826,24.0785,131.384,0,0
On,100,20,7,0.007584,27.6114,139.844,0,0
On,100,20,8,0.025837,27.2196,172.816,0,0
On,100,20,9,0.010129,19.962,136.022,0,0
On,100,20,10,0.007748,20.349,119.872,0,15827
On,100,20,11,62.6185,38.1642,203.148,430560,137254
On,100,20,12,67.8982,47.6758,270.824,807707,267331
On,100,20,13,47.174,45.7125,191.449,1142151,405952
On,100,20,14,69.3102,41.9522,211.662,1451439,557865
On,100,20,15,86.6847,52.3474,244.493,1778034,732925
On,100,20,16,88.9922,48.0743,244.492,2181173,923887
On,100,20,17,86.7211,54.1553,265.056,2324882,1039980
On,100,20,18,92.1366,64.8166,300.997,2397188,1069034
On,100,20,19,62.946,56.663,241.543,2368600,1045879
On,100,20,20,62.2988,47.6648,215.876,2285808,984533
On,100,20,21,61.6613,49.0174,214.981,2183059,911016
On,100,20,22,60.9541,49.5803,209.692,2089919,858280
On,100,20,23,59.834,48.3137,217.113,2023959,823341
On,100,20,24,58.668,48.055,220.76,1980802,805437
On,100,20,25,62.8861,49.919,220.423,1963776,806642
On,100,20,26,60.4192,55.0084,236.811,2001431,827953
On,100,20,27,61.0242,53.4683,231.228,2063796,856329
On,100,20,28,60.3557,48.1786,222.785,2133179,888341
On,100,20,29,61.6287,51.0384,232.196,2187777,917317
On,100,50,0,0.005458,26.1284,141.722,0,0
On,100,50,1,0.005832,29.6241,145.278,0,0
On,100,50,2,0.00633,27.1952,146.862,0,0
On,100,50,3,0.016955,29.794,154.36,0,0
On,100,50,4,0.00854,26.5537,135.842,0,0
On,100,50,5,0.004912,22.5654,127.399,0,0
On,100,50,6,0.017077,23.7381,133.801,0,0
On,100,50,7,0.006249,26.921,138.214,0,0
On,100,50,8,0.003373,26.0255,136.704,0,0
On,100,50,9,0.004162,29.104,146.404,0,0
On,100,50,10,0.006077,27.3192,145.251,0,15827
On,100,50,11,84.0571,48.8197,242.051,1247737,133492
On,100,50,12,97.1501,48.8984,278.711,2220749,268138
On,100,50,13,103.121,55.6138,292.089,3031826,410352
On,100,50,14,92.0759,53.9328,267.446,3818918,562682
On,100,50,15,62.4025,50.2129,212.362,4645774,737817
On,100,50,16,108.774,62.5731,288.963,5420883,931183
On,100,50,17,120.561,66.9277,325.342,5790911,1051047
On,100,50,18,127.378,70.7267,329.855,5901251,1090343
On,100,50,19,97.183,65.7143,293.215,5856168,1086202
On,100,50,20,104.001,80.1175,338.793,5660664,1044228
On,100,50,21,93.5773,62.7941,282.777,5417805,1002710
On,100,50,22,94.5467,62.6628,282.158,5213413,968143
On,100,50,23,93.5765,63.0869,284.471,5056817,944293
On,100,50,24,95.6134,69.4297,303.541,4989143,939063
On,100,50,25,88.2349,53.4133,252.187,5087432,950953
On,100,50,26,97.7901,70.2228,305.219,5321109,973339
On,100,50,27,103.503,83.7208,337.619,5586161,1003606
On,100,50,28,98.1907,65.4908,292.579,5809406,1032766
On,100,50,29,98.7492,63.0044,292.272,5973592,1060905
On,100,100,0,0.007794,39.0443,187.947,0,0
On,100,100,1,0.007751,37.6652,176.969,0,0
On,100,100,2,0.007255,35.0548,165.166,0,0
On,100,100,3,0.007876,36.7838,166.898,0,0
On,100,100,4,0.004626,34.0715,167.08,0,0
On,100,100,5,0.013206,39.0153,180.114,0,0
On,100,100,6,0.009167,38.252,167.6,0,0
On,100,100,7,0.007501,25.5413,150.219,0,0
On,100,100,8,0.006958,25.88,150.389,0,0
On,100,100,9,0.003962,23.0176,149.287,0,0
On,100,100,10,0.008625,31.8944,160.42,0,15827
On,100,100,11,138.069,59.585,347.473,3766177,129108
On,100,100,12,160.668,66.6952,380.031,6484908,264251
On,100,100,13,175.075,72.3315,407.173,8703356,408004
On,100,100,14,181.148,77.2768,411.674,10795616,561902
On,100,100,15,181.755,69.8605,396.962,12939486,737707
On,100,100,16,187.248,88.6093,453.89,14940091,931333
On,100,100,17,189.94,87.153,444.45,15839959,1054983
On,100,100,18,189.689,89.1547,449.997,16225401,1113386
On,100,100,19,156.037,82.3288,393.609,16202764,1122257
On,100,100,20,152.795,79.9999,393.798,15805721,1088912
On,100,100,21,155.356,109.968,456.971,15272908,1051045
On,100,100,22,150,80.6506,397.664,14673676,1020137
On,100,100,23,148.347,81.7428,386.394,14189363,994312
On,100,100,24,150.036,80.5845,385.014,14059885,991330
On,100,100,25,149.86,88.5475,417.883,14366425,999051
On,100,100,26,149.708,88.021,379.47,14870624,1017108
On,100,100,27,153.648,79.3644,377.24,15615746,1043930
On,100,100,28,155.191,84.9166,402.652,16357509,1073394
On,100,100,29,162.256,84.6744,418.457,16921094,1102097
