frame_sequence,wall_time_seconds,frame_ms,fps,broad_collisions,narrow_collisions,mesh_upload,physics_total,bvh_build,broad_refit,broad_enlarge_trajectory,broad_detect,narrow_phase,system_update,metal_commit,render_total,scene_draw,debug_draw,imgui_draw
0,45.0175,240.312,4.16126,0,0,0.03175,236.632,2.31271,98.7963,133.538,0.037542,0.020961,1.20371,0.19875,3.24863,3.23362,0.001458,0.0865
1,45.2602,136.25,7.33942,0,0,0.027708,133.073,0,58.849,73.4364,0.00291,0.001666,0.295622,0.196292,2.77875,2.76383,0.002,0.084833
2,45.3979,130.532,7.66098,0,0,0.02875,127.281,0,58.6952,67.7922,0.003747,0.00221,0.298545,0.192542,2.83421,2.8165,0.002208,0.072875
3,45.5367,118.137,8.46476,0,0,0.043292,114.813,0,55.8013,58.2967,0.002662,0.001502,0.243957,0.190042,2.90554,2.88892,0.002042,0.069625
4,45.6589,116.438,8.58828,0,0,0.034708,113.356,0,56.5576,56.1101,0.002288,0.001546,0.222419,0.192541,2.70729,2.68833,0.002584,0.060625
5,45.7766,116.542,8.58056,0,0,0.030875,113.498,0,58.3687,54.4076,0.002337,0.001001,0.246457,0.192042,2.66175,2.65033,0.001542,0.054542
6,45.8937,116.766,8.56416,0,0,0.025834,113.733,0,57.2855,55.7548,0.002374,0.001338,0.226789,0.190792,2.69646,2.68692,0.00125,0.053375
7,46.0118,151.8,6.58763,37866,419,0.030167,148.392,0,59.6792,55.4595,15.3478,17.2343,0.191877,0.196084,3.00212,2.62988,0.362792,0.083833
8,46.1648,160.286,6.23885,54524,444,0.030042,157.205,0,56.843,54.597,22.7022,22.4054,0.168088,0.197542,2.67954,2.65437,0.01175,0.056583
9,46.3262,162.544,6.15217,59363,552,0.044459,159.456,0,56.4526,57.6548,21.8032,22.8779,0.169163,0.201625,2.6485,2.61762,0.009417,0.066292
10,46.4903,166.53,6.00491,61673,761,0.036292,163.429,0.851334,56.434,60.7135,21.59,23.1871,0.168582,0.192166,2.67917,2.65542,0.008333,0.067125
11,46.6583,163.652,6.11054,61834,722,0.033041,160.582,0,57.2262,58.9695,21.3623,22.3806,0.163251,0.196584,2.66662,2.64288,0.013375,0.060333
12,46.8232,161.338,6.19816,62605,689,0.028125,158.284,0,58.8373,54.9918,21.3873,22.4048,0.163042,0.19825,2.66246,2.64371,0.009458,0.056916
13,46.9855,169.784,5.88984,67486,753,0.048875,166.459,0,55.3588,65.4425,21.8403,23.1194,0.202081,0.196042,2.81683,2.77608,0.017833,0.082291
14,47.1583,172.25,5.8055,72739,883,0.031333,169.17,0,57.5963,66.5945,22.0498,22.267,0.166833,0.199208,2.67121,2.64092,0.014083,0.069125
15,47.3389,166.467,6.00721,76025,756,0.044583,163.321,0,57.7098,60.501,22.1484,22.3104,0.168459,0.199333,2.71263,2.67879,0.012166,0.074125
16,47.5068,163.026,6.134,79965,823,0.037583,159.847,0,56.6275,57.7217,21.7812,23.0494,0.173456,0.200875,2.70842,2.67088,0.014958,0.078959
17,47.6715,161.251,6.20153,84293,893,0.03075,158.132,0,59.4058,54.0013,21.8756,22.2037,0.164124,0.1975,2.72404,2.70021,0.007208,0.061167
18,47.8339,166.232,6.0157,99170,922,0.029333,163.178,0,57.1747,58.8083,22.1502,24.3854,0.16325,0.199042,2.66233,2.64113,0.008875,0.060042
19,48.0012,170.37,5.86959,245673,2423,0.029792,167.316,0,57.213,59.8653,26.3535,23.2212,0.166999,0.200375,2.66113,2.64221,0.008833,0.062708
20,48.1727,188.389,5.30816,434911,4180,0.033792,185.35,0.795667,56.9527,64.7973,36.6545,25.4985,0.165333,0.192292,2.63858,2.62217,0.00725,0.057375
21,48.3617,190.672,5.2446,853655,7242,0.035375,187.591,0,57.7835,55.5195,45.4318,28.1795,0.165129,0.199834,2.67112,2.64746,0.010042,0.065209
22,48.5531,196.028,5.10132,1428767,11906,0.036542,192.897,0,60.1249,55.1596,49.6582,27.2773,0.166787,0.201375,2.67783,2.651,0.010334,0.072292
23,48.7506,182.83,5.46955,1580824,15102,0.035834,179.722,0,59.2129,54.1555,37.8258,27.8735,0.16337,0.196917,2.72267,2.70083,0.012875,0.065458
24,48.9347,187.369,5.33705,1704948,16743,0.0325,184.248,0,61.2964,54.9437,39.921,27.4127,0.167375,0.199292,2.69425,2.67071,0.010708,0.065833
25,49.1234,188.955,5.29226,1794070,19887,0.03175,185.892,0,59.3331,54.9084,43.1921,27.7851,0.165539,0.199792,2.65429,2.63512,0.00975,0.057667
26,49.3193,193.513,5.1676,1777628,19342,0.044667,190.335,0,58.953,60.4436,42.6272,27.64,0.174872,0.198,2.73367,2.70133,0.014125,0.077084
27,49.5212,214.191,4.66874,2127456,20272,0.052458,211.017,0,58.3163,59.1111,63.1026,29.8102,0.176327,0.196375,2.70767,2.67362,0.016958,0.082458
28,49.737,192.037,5.20733,1580781,16131,0.032041,188.896,0,56.6455,54.2424,48.2723,29.0834,0.163002,0.192667,2.74092,2.71563,0.013458,0.066167
29,49.9373,191.893,5.21125,941477,10545,0.054041,188.625,0,55.3235,62.9578,43.0122,26.6348,0.198669,0.202625,2.76508,2.72329,0.02025,0.099958
0,53.2327,235.803,4.24083,0,0,0.040625,232.318,1.40854,90.8226,138.653,0.017582,0.010046,0.76496,0.222625,3.02042,2.99792,0.007833,0.066125
1,53.4703,106.31,9.40648,0,0,0.033208,103.218,0,46.9124,55.5763,0.002752,0.001371,0.25692,0.19175,2.68954,2.66262,0.007208,0.072
2,53.5773,106.904,9.35421,0,0,0.028958,103.797,0,45.2273,57.7881,0.003376,0.001708,0.281754,0.192625,2.69967,2.67958,0.0065,0.06525
3,53.6849,101.482,9.85392,0,0,0.025792,98.491,0,44.5524,53.2326,0.002504,0.001537,0.229458,0.190542,2.61883,2.60433,0.004917,0.057458
4,53.787,102.361,9.76931,0,0,0.025042,99.3713,0,45.9663,52.6724,0.002671,0.001326,0.258001,0.188042,2.63996,2.62579,0.004583,0.050375
5,53.8908,101.421,9.85989,0,0,0.0285,98.4166,0,46.0215,51.7203,0.002544,0.001497,0.217875,0.182458,2.65179,2.63579,0.004833,0.050833
6,53.9933,101.843,9.81906,0,0,0.029542,98.8427,0,44.9786,53.1576,0.0025,0.00096,0.239581,0.187666,2.64025,2.62567,0.00425,0.048958
7,54.1029,132.318,7.55756,37869,419,0.027459,129.269,0,44.8337,51.5672,15.1573,17.0456,0.192497,0.198834,2.68183,2.65942,0.011125,0.055666
8,54.2363,145.628,6.8668,54875,428,0.027041,142.481,0,44.9747,51.1031,20.9802,24.6945,0.165544,0.273209,2.76613,2.74546,0.010375,0.051916
9,54.3829,148.232,6.74616,58913,576,0.040416,145.011,0,45.4528,52.387,21.5161,24.9883,0.169172,0.199458,2.78625,2.75208,0.011959,0.065375
10,54.5326,149.416,6.69273,60301,728,0.041625,146.236,0.706208,45.8934,54.6717,21.5403,22.7553,0.183039,0.191917,2.70446,2.67054,0.015459,0.073667
11,54.6836,146.091,6.84503,60790,698,0.028833,143.081,0,45.0478,53.3173,21.4871,22.5752,0.169585,0.193792,2.63579,2.61242,0.010792,0.0585
12,54.8362,148.216,6.74693,59670,684,0.036916,145.069,0,47.2996,52.8767,21.6541,22.5848,0.168835,0.197209,2.73604,2.70642,0.013959,0.067334
13,54.9859,149.094,6.70718,64960,726,0.028,146.003,0,45.2613,55.1986,22.1148,22.7665,0.173331,0.19425,2.687,2.66387,0.0095,0.058417
14,55.136,146.99,6.80321,69914,762,0.027875,143.973,0,46.88,51.3323,21.8783,23.2234,0.166536,0.192291,2.62075,2.60137,0.009542,0.058916
15,55.2841,145.153,6.88927,76633,683,0.026291,142.221,0,44.88,51.1738,22.2494,23.2371,0.181868,0.200708,2.55033,2.52871,0.010666,0.054708
16,55.436,149.897,6.67127,81585,739,0.043291,146.777,0,45.4296,55.9907,22.0765,22.6186,0.173994,0.197417,2.69225,2.65979,0.014791,0.071708
17,55.5874,148.084,6.75294,89135,980,0.037208,144.956,0,45.4905,51.6924,24.2504,22.8627,0.168372,0.199,2.66917,2.63687,0.01375,0.07125
18,55.7371,150.036,6.66505,100168,1076,0.031667,147.028,0,47.0622,52.6735,23.8445,22.8027,0.16475,0.190125,2.62825,2.606,0.011375,0.061958
19,55.8883,164.892,6.06458,289817,2346,0.026125,161.853,0,47.2065,50.9595,38.2588,24.7619,0.166455,0.190417,2.63779,2.61821,0.0105,0.0615
20,56.0543,176.967,5.65078,504251,4452,0.0525,173.559,0.835709,44.4955,58.4663,43.0256,26.0332,0.202621,0.197459,2.90471,2.86479,0.017708,0.0845
21,56.2402,183.48,5.45018,1012795,8140,0.030917,180.42,0,46.0427,59.1733,47.5041,27.0265,0.171123,0.197458,2.65362,2.63008,0.012166,0.071208
22,56.425,178.815,5.59237,1543009,13346,0.04425,175.708,0,45.768,55.4247,46.1495,27.677,0.168961,0.200333,2.6075,2.574,0.016166,0.077458
23,56.6054,171.933,5.81621,1739174,16216,0.044458,168.771,0,46.4746,53.249,40.729,27.6356,0.182962,0.198917,2.69779,2.6645,0.015417,0.074709
24,56.7781,171.554,5.82906,1875362,18401,0.028917,168.366,0,46.2897,53.212,40.4262,27.7668,0.164916,0.194959,2.77483,2.74996,0.016083,0.071375
25,56.9502,174.994,5.71448,2141055,22107,0.031458,171.947,0,45.9988,50.7549,44.2308,30.2892,0.163459,0.195792,2.63683,2.61496,0.010584,0.067
26,57.1267,179.591,5.56822,2195931,21983,0.036417,176.541,0,46.4971,52.2062,46.8127,30.3603,0.166338,0.1975,2.67238,2.64875,0.013375,0.063166
27,57.3076,175.31,5.70418,1875178,18731,0.033667,172.295,0,48.075,51.0718,44.4385,28.0294,0.167995,0.199041,2.61275,2.5885,0.012708,0.061042
28,57.4842,173.983,5.74769,1338562,13772,0.039208,170.868,0,48.1084,52.0021,42.4367,27.619,0.187505,0.198708,2.65767,2.62829,0.014792,0.073709
29,57.6598,169.661,5.8941,983900,10337,0.034833,166.658,0,45.3156,51.558,41.6533,27.4625,0.16912,0.19575,2.596,2.57362,0.012916,0.070167
0,72.6339,206.867,4.83403,0,0,0.060958,202.58,0.06575,1.19158,111.349,88.1485,0.012709,1.02342,0.279166,3.75267,3.71679,0.0075,0.079917
1,72.8428,98.6026,10.1417,0,0,0.027083,95.5313,0,1.59938,44.583,47.8198,0.006047,0.906711,0.196666,2.66021,2.64425,0.005167,0.054042
2,72.9424,96.1065,10.4051,0,0,0.023083,93.0721,0,1.64146,41.4099,48.5536,0.005332,0.834878,0.224,2.66463,2.65108,0.005417,0.049792
3,73.0398,93.0222,10.7501,0,0,0.026584,90.0781,0,1.69062,40.2038,46.702,0.005585,0.858544,0.209084,2.57892,2.56417,0.005042,0.050916
4,73.1338,90.5662,11.0417,0,0,0.027709,87.6021,0,1.67946,39.5098,44.9306,0.005042,0.847049,0.227083,2.60504,2.58925,0.005125,0.0495
5,73.2255,91.2124,10.9634,0,0,0.025459,88.1633,0,1.62426,39.2857,45.7906,0.005837,0.845373,0.212333,2.68342,2.66942,0.004708,0.051875
6,73.3177,90.9988,10.9892,0,0,0.022708,85.9935,0,1.71929,39.3024,43.4641,0.006289,0.876664,0.217542,4.66892,4.65633,0.004625,0.047792
7,73.4097,114.294,8.74937,37014,405,0.02825,111.064,0,0.737913,37.9519,53.3351,18.136,0.389251,0.184709,2.84675,2.81917,0.01425,0.059833
8,73.5256,128.523,7.78071,55364,473,0.040333,125.393,0,0.372207,38.5366,58.4315,27.3885,0.16721,0.196792,2.70975,2.67567,0.013584,0.064959
9,73.6556,126.66,7.89513,58982,551,0.038459,123.555,0,0.369081,38.4879,59.3102,24.7323,0.176207,0.178667,2.64879,2.61592,0.012875,0.066041
10,73.7837,126.618,7.89776,61334,777,0.030875,123.507,0.022542,0.361958,38.08,58.2666,26.1095,0.165876,0.189417,2.68583,2.65892,0.011417,0.055458
11,73.9109,129.658,7.7126,62204,724,0.03525,126.576,0,0.375706,38.4167,60.2853,26.8129,0.184538,0.182333,2.67437,2.64962,0.012167,0.067
12,74.0411,125.68,7.9567,64325,722,0.024167,122.701,0,0.377166,38.1734,58.6927,24.7925,0.172038,0.188375,2.61896,2.60058,0.008708,0.054791
13,74.1674,129.078,7.74727,67504,896,0.027,126.113,0,0.370872,38.203,59.5248,27.3434,0.175748,0.190084,2.60517,2.58258,0.012667,0.053083
14,74.3019,127.187,7.86241,71140,960,0.038333,123.961,0,0.381835,39.2293,58.8552,24.8338,0.189875,0.175542,2.78371,2.73817,0.018625,0.083292
15,74.4385,133.814,7.47306,77839,783,0.042834,130.583,0,0.398293,45.2345,59.5763,24.6546,0.221833,0.189709,2.74267,2.69667,0.01625,0.081084
16,74.574,129.36,7.73034,82716,961,0.043459,126.242,0,0.376584,40.0826,58.8069,26.311,0.171663,0.192584,2.68254,2.64933,0.0135,0.070541
17,74.7048,126.088,7.93095,86638,1144,0.029916,122.93,0,0.36279,38.8334,58.5078,24.5614,0.170251,0.192333,2.72121,2.69725,0.011417,0.06875
18,74.837,129.835,7.70209,104402,1025,0.044459,126.738,0,0.375665,40.0881,60.9591,24.6499,0.175918,0.187083,2.66829,2.641,0.012541,0.068083
19,74.9683,132.831,7.52835,222861,2264,0.030625,129.779,0,0.372669,38.7694,63.1578,26.8158,0.174832,0.187042,2.63238,2.61067,0.011709,0.072
20,75.1024,140.655,7.10959,470334,4477,0.028458,137.609,0.020459,0.369879,38.1001,72.4202,26.0258,0.163248,0.192959,2.64275,2.62279,0.010791,0.0615
21,75.2437,148.786,6.72106,837437,6600,0.027291,145.762,0,0.375584,38.1318,79.987,26.5865,0.176747,0.189458,2.6615,2.64129,0.0105,0.057833
22,75.393,157.66,6.34276,1419772,11484,0.036625,154.513,0,0.383712,38.1757,87.4084,27.8612,0.171708,0.193959,2.72883,2.69462,0.015,0.075208
23,75.5514,147.392,6.78462,1649430,15240,0.036,144.244,0,0.381172,38.6731,76.7574,27.731,0.178419,0.195792,2.70475,2.67071,0.016,0.071833
24,75.7004,146.901,6.80732,1704294,17373,0.03075,143.871,0,0.380751,38.3355,76.8049,27.6666,0.16638,0.201167,2.64087,2.618,0.012542,0.066375
25,75.8486,152.77,6.5458,1637471,17168,0.0315,149.695,0,0.386919,38.0675,81.7589,28.7796,0.174581,0.199666,2.65225,2.62725,0.015791,0.071875
26,76.0027,144.835,6.90441,1693805,17854,0.028542,141.723,0,0.386292,38.3075,74.3362,28.0075,0.168124,0.190042,2.70925,2.685,0.014708,0.063042
27,76.1541,159.05,6.28735,1867867,18398,0.027916,156.161,0,0.372168,38.5159,88.6562,27.924,0.177543,0.199958,2.52629,2.50246,0.013875,0.060875
28,76.3213,143.952,6.94677,1314185,13553,0.029375,140.975,0,0.375495,38.3653,73.6743,27.8832,0.167586,0.197583,2.62071,2.6,0.010875,0.060583
29,76.4664,144.905,6.90109,873761,9100,0.039917,141.819,0,0.377585,38.094,75.7755,26.8892,0.17283,0.191667,2.63717,2.60729,0.015083,0.071083
